{
    "loss": 6.316356658935547,
    "accuracy": 0.5467625856399536
}