{
    "loss": 0.3341381847858429,
    "accuracy": 0.8201438784599304
}